날짜 정보,요일 정보,오전 날씨,오후 날씨,오전 강수확률 (%),오후 강수확률 (%),최저 기온,최고 기온
3.12.,오늘,구름많음,구름많음,20%,20%,최저기온8°,최고기온16°
3.12.,오늘,구름많음,구름많음,20%,20%,최저기온8°,최고기온16°
3.12.,오늘,구름많음,구름많음,20%,20%,최저기온8°,최고기온16°
3.12.,오늘,구름많음,구름많음,20%,20%,최저기온8°,최고기온16°
3.12.,오늘,구름많음,구름많음,20%,20%,최저기온8°,최고기온16°
3.12.,오늘,구름많음,구름많음,20%,20%,최저기온8°,최고기온16°
3.12.,오늘,구름많음,구름많음,20%,20%,최저기온8°,최고기온16°
3.12.,오늘,구름많음,구름많음,20%,20%,최저기온8°,최고기온16°
3.12.,오늘,구름많음,구름많음,20%,20%,최저기온8°,최고기온16°
3.12.,오늘,구름많음,구름많음,20%,20%,최저기온8°,최고기온16°
3.12.,오늘,구름많음,구름많음,20%,20%,최저기온8°,최고기온16°
3.12.,오늘,구름많음,구름많음,20%,20%,최저기온8°,최고기온16°
3.12.,오늘,구름많음,구름많음,20%,20%,최저기온8°,최고기온16°
3.12.,오늘,구름많음,구름많음,20%,20%,최저기온8°,최고기온16°
3.12.,오늘,구름많음,구름많음,20%,20%,최저기온8°,최고기온16°
3.12.,오늘,구름많음,구름많음,20%,20%,최저기온8°,최고기온16°
3.12.,오늘,구름많음,구름많음,20%,20%,최저기온8°,최고기온16°
3.12.,오늘,구름많음,구름많음,20%,20%,최저기온8°,최고기온16°
3.12.,오늘,구름많음,구름많음,20%,20%,최저기온8°,최고기온16°
3.12.,오늘,구름많음,구름많음,20%,20%,최저기온8°,최고기온16°
3.12.,오늘,구름많음,구름많음,20%,20%,최저기온8°,최고기온16°
3.12.,오늘,구름많음,구름많음,20%,20%,최저기온8°,최고기온16°
3.12.,오늘,구름많음,구름많음,20%,20%,최저기온8°,최고기온16°
3.12.,오늘,구름많음,구름많음,20%,20%,최저기온8°,최고기온16°
3.12.,오늘,구름많음,구름많음,20%,20%,최저기온8°,최고기온16°
3.12.,오늘,구름많음,구름많음,20%,20%,최저기온8°,최고기온16°
3.12.,오늘,구름많음,구름많음,20%,20%,최저기온8°,최고기온16°
3.12.,오늘,구름많음,구름많음,20%,20%,최저기온8°,최고기온16°
3.12.,오늘,구름많음,구름많음,20%,20%,최저기온8°,최고기온16°
3.12.,오늘,구름많음,구름많음,20%,20%,최저기온8°,최고기온16°
3.12.,오늘,구름많음,구름많음,20%,20%,최저기온8°,최고기온16°
3.12.,오늘,구름많음,구름많음,20%,20%,최저기온8°,최고기온16°
3.12.,오늘,구름많음,구름많음,20%,20%,최저기온8°,최고기온16°
3.12.,오늘,구름많음,구름많음,20%,20%,최저기온8°,최고기온16°
3.12.,오늘,구름많음,구름많음,20%,20%,최저기온8°,최고기온16°
3.12.,오늘,구름많음,구름많음,20%,20%,최저기온8°,최고기온16°
3.12.,오늘,구름많음,구름많음,20%,20%,최저기온8°,최고기온16°
3.12.,오늘,구름많음,구름많음,20%,20%,최저기온8°,최고기온16°
3.12.,오늘,구름많음,구름많음,20%,20%,최저기온8°,최고기온16°
3.12.,오늘,구름많음,구름많음,20%,20%,최저기온8°,최고기온16°
3.12.,오늘,구름많음,구름많음,20%,20%,최저기온8°,최고기온16°
3.12.,오늘,구름많음,구름많음,20%,20%,최저기온8°,최고기온16°
3.12.,오늘,구름많음,구름많음,20%,20%,최저기온8°,최고기온16°
3.12.,오늘,구름많음,구름많음,20%,20%,최저기온8°,최고기온16°
3.12.,오늘,구름많음,구름많음,20%,20%,최저기온8°,최고기온16°
